diff_type,key_columns,key_values_json,before_row_hash,after_row_hash,changed_columns
changed,Code|Store,"[""S:FNGE"",""V:16""]",23e884daf79a05a2076375056a6617a66a68e9a14c58118d27f146c912656d07,1e1328f1fa84a411b23600244d8c7ff15b11af044d597eb727cb70f537e96b1b,Sales_01|Sales_02|Profit_01|Profit_02|Total Tickets 1_01|Total Tickets 1_02|Total MultiTickets 1_01|Total MultiTickets 1_02|Total SKUS 1_01|Total SKUS 1_02|TotalMultiSales1_01|TotalMultiSales1_02
changed,Code|Store,"[""S:FRSS"",""V:20""]",8be7d3ae4a0c52024081478daa8d8956628cf540aaf6d75d6501f1e401d68d6b,6690dbd526b2c4a5ad777221a00e0efe808be2dca9bae149e3c28f1be8defc32,Sales_01|Sales_02|Profit_01|Profit_02|Total Tickets 1_01|Total Tickets 1_02|Total MultiTickets 1_01|Total MultiTickets 1_02|Total SKUS 1_01|Total SKUS 1_02|TotalMultiSales1_01|TotalMultiSales1_02
changed,Code|Store,"[""S:FSCI"",""V:17""]",f5703ddcd91164cd706f43c0dab141aa5cf70f53443166b8c393933be583aff5,42e16619ec3ed13df2432c6297aa1cb016c67e5b8bce9d5794650108ec3fdfab,Sales_01|Sales_02|Profit_01|Profit_02|Total Tickets 1_01|Total Tickets 1_02|Total MultiTickets 1_01|Total MultiTickets 1_02|Total SKUS 1_01|Total SKUS 1_02|TotalMultiSales1_01|TotalMultiSales1_02
changed,Code|Store,"[""S:FSKA"",""V:7""]",cc6bc6c9f4cc4aa884cb452942697994d73c37226977fddb0903d7a63c745928,b2434aa9520031454a8472590b962995e551e5eafa071af40a95b060e6972bfc,Sales_01|Sales_02|Profit_01|Profit_02|Comm_01|Comm_02|Total Tickets 1_01|Total Tickets 1_02|Total MultiTickets 1_01|Total MultiTickets 1_02|Total SKUS 1_01|Total SKUS 1_02|TotalMultiSales1_01|TotalMultiSales1_02
changed,Code|Store,"[""S:GAMU"",""V:19""]",489a1b2bdff292a7f13ff02c1857a3d7051409beb40f05b42e62b6f192b191a9,7e80054efc5b8c7ae8f679d7ee82c0aa23358499a398d05c85cb54721ef7cae2,Sales_01|Sales_02|Profit_01|Profit_02|Total Tickets 1_01|Total Tickets 1_02|Total MultiTickets 1_01|Total MultiTickets 1_02|Total SKUS 1_01|Total SKUS 1_02|TotalMultiSales1_01|TotalMultiSales1_02
changed,Code|Store,"[""S:GIEY"",""V:13""]",b14ad539c4a5fcf13e2674a8cd86f50ab046c5f850fc176f214708282ae056c1,c2f490235b50abb9195c2d2f76527aa2a2ac5f9e1cc9e43385da4dac744db24b,Sales_01|Sales_02|Profit_01|Profit_02|Total Tickets 1_01|Total Tickets 1_02|Total MultiTickets 1_01|Total MultiTickets 1_02|Total SKUS 1_01|Total SKUS 1_02|TotalMultiSales1_01|TotalMultiSales1_02
changed,Code|Store,"[""S:GIHL"",""V:28""]",8e6a839f9a677c461a2ee5f9c9eeadf5d194938573621b30d69d78c915b22be3,40938b73c7661982cc694145034f3c0e29912f233a0f3ad88c7a85a1cff38cda,Sales_01|Sales_02|Profit_01|Profit_02|Total Tickets 1_01|Total Tickets 1_02|Total MultiTickets 1_01|Total MultiTickets 1_02|Total SKUS 1_01|Total SKUS 1_02|TotalMultiSales1_01|TotalMultiSales1_02
changed,Code|Store,"[""S:GOIC"",""V:5""]",a3377fc1716a7ef6c475ce56d85011fbd0ab17a32effb8d095f13b5874bcc1c2,80cef0d96effd65ace15dac50d7968572cc684f4b46c4ea92c055b03047935a4,Sales_01|Sales_02|Profit_01|Profit_02|Total Tickets 1_01|Total Tickets 1_02|Total MultiTickets 1_01|Total MultiTickets 1_02|Total SKUS 1_01|Total SKUS 1_02|TotalMultiSales1_01|TotalMultiSales1_02
changed,Code|Store,"[""S:GONL"",""V:9""]",03852f1c2cb6c716fa3ee80df66fdb7e00dfec63ed7412001ac94b9fec4adc2e,0b2636c4b63fc1c12bd587d9a791c70ea0aacd5a345faae19d97cee9b7960af1,Sales_01|Sales_02|Profit_01|Profit_02|Comm_01|Comm_02|Hours_01|Hours_02|Total Tickets 1_01|Total Tickets 1_02|Total MultiTickets 1_01|Total MultiTickets 1_02|Total SKUS 1_01|Total SKUS 1_02|TotalMultiSales1_01|TotalMultiSales1_02
changed,Code|Store,"[""S:GONM"",""V:14""]",a6d20aa4b8a8159bbe8f55398395eb75de395b88f6dc109276ec0391d60f49eb,bf4cf5655888481753d1f22d130ed784d3264cf83d68830362823c23cc4b64f2,Sales_01|Sales_02|Profit_01|Profit_02|Comm_01|Comm_02|Total Tickets 1_01|Total Tickets 1_02|Total MultiTickets 1_01|Total MultiTickets 1_02|Total SKUS 1_01|Total SKUS 1_02|TotalMultiSales1_01|TotalMultiSales1_02
changed,Code|Store,"[""S:GORU"",""V:43""]",f4629892e710f2d4f21c80fa38984182b0ab7f0196f972179668d7eb962954b5,6cff8c9f1cacade9594cb8763c3e69c94973c232539add1ad73982c4c6dd3074,Sales_01|Sales_02|Profit_01|Profit_02|Total Tickets 1_01|Total Tickets 1_02|Total MultiTickets 1_01|Total MultiTickets 1_02|Total SKUS 1_01|Total SKUS 1_02|TotalMultiSales1_01|TotalMultiSales1_02
changed,Code|Store,"[""S:GUGL"",""V:28""]",a2929706d1a8b0fa276ef731c10567de9cebeca28a2c2e317392ebe7056bb89b,bd0ed19adbacce7ab397ae086f5932a05a5710bc362bbb68c1b7fef7ed47199f,Sales_01|Sales_02|Profit_01|Profit_02|Total Tickets 1_01|Total Tickets 1_02|Total MultiTickets 1_01|Total MultiTickets 1_02|Total SKUS 1_01|Total SKUS 1_02|TotalMultiSales1_01|TotalMultiSales1_02
changed,Code|Store,"[""S:HEGR"",""V:12""]",9f841226cc7d77476c8a1f72c92672c3801990d59e9637bbfc4771ef176761bd,52eb54d1a223135d489398a0b0094cb89782e7136e53aefb3475178e04d7318b,Sales_01|Sales_02|Profit_01|Profit_02|Total Tickets 1_01|Total Tickets 1_02|Total MultiTickets 1_01|Total MultiTickets 1_02|Total SKUS 1_01|Total SKUS 1_02|TotalMultiSales1_01|TotalMultiSales1_02
changed,Code|Store,"[""S:HEKY"",""V:16""]",1aa0862c13851c06d404f48e03300b2c576371fba65bce1d17f47af90fa974d3,2ebcb4939214c4a36326b1ab482c118985c579487626ca0f6653d8a1b707df19,Sales_01|Sales_02|Profit_01|Profit_02|Comm_01|Comm_02|Total Tickets 1_01|Total Tickets 1_02|Total MultiTickets 1_01|Total MultiTickets 1_02|Total SKUS 1_01|Total SKUS 1_02|TotalMultiSales1_01|TotalMultiSales1_02
changed,Code|Store,"[""S:HRYM"",""V:29""]",1f776667f31e26f05d1bc3f0664c482e492cdc4d6895d3f6cf77e19a42385815,ac5d66572b239dfbdfdfa0eef53a08aff2153015c76de6a207dd5923c4a8c415,Sales_01|Sales_02|Profit_01|Profit_02|Total Tickets 1_01|Total Tickets 1_02|Total MultiTickets 1_01|Total MultiTickets 1_02|Total SKUS 1_01|Total SKUS 1_02|TotalMultiSales1_01|TotalMultiSales1_02
changed,Code|Store,"[""S:LAYH"",""V:24""]",ab39ae3762e84cb5dfd526ef97fd4cac6245e9f9a5908f5844ddd8aaa12fb952,24346efb3b88be33f414579acd16e23b412f7fbcac1e50e9e224372051a06753,Sales_01|Sales_02|Profit_01|Profit_02|Total Tickets 1_01|Total Tickets 1_02|Total MultiTickets 1_01|Total MultiTickets 1_02|Total SKUS 1_01|Total SKUS 1_02|TotalMultiSales1_01|TotalMultiSales1_02
changed,Code|Store,"[""S:LPAA"",""V:26""]",ba01b99f0ed7da49aa717d91b2e605d1d95369f426b605df12a12ec0cb314ed2,dfb43f2fbd69eaeafb5ac80c98f37ae407c3614029607b273d50d4b0f7f60ab3,Sales_01|Sales_02|Profit_01|Profit_02|Total Tickets 1_01|Total Tickets 1_02|Total MultiTickets 1_01|Total MultiTickets 1_02|Total SKUS 1_01|Total SKUS 1_02|TotalMultiSales1_01|TotalMultiSales1_02
changed,Code|Store,"[""S:LZBR"",""V:15""]",e35fd2425bee2e799d52a46be76210d05c2316359d9dcad338066cb93dca21ce,13d9c646bf03e60803f93043009108331673b01505ae560fd53c4edb4f73810e,Sales_01|Sales_02|Profit_01|Profit_02|Hours_01|Hours_02|Total Tickets 1_01|Total Tickets 1_02|Total MultiTickets 1_01|Total MultiTickets 1_02|Total SKUS 1_01|Total SKUS 1_02|TotalMultiSales1_01|TotalMultiSales1_02
changed,Code|Store,"[""S:ACDE"",""V:9""]",b2b79f970fa3a4f1fec4bcd1944b8713ed51486d109b429bc74904dc7eecf68a,af476a2e360dd05cba5502bfc517c06d289d5fb88b8bb6c5dc696817b41bab22,Sales_01|Sales_02|Profit_01|Profit_02|Comm_01|Comm_02|Hours_01|Hours_02|Total Tickets 1_01|Total Tickets 1_02|Total MultiTickets 1_01|Total MultiTickets 1_02|Total SKUS 1_01|Total SKUS 1_02|TotalMultiSales1_01|TotalMultiSales1_02
changed,Code|Store,"[""S:ALKL"",""V:16""]",07298079414be96cc7927414ecf0743e69ad28737e7201d8761decff7d3f8546,1a8ac3dae9c1553a39aeb43412274827a7820925edfe8c0ac29ae66b0465f7cc,Sales_01|Sales_02|Profit_01|Profit_02|Total Tickets 1_01|Total Tickets 1_02|Total MultiTickets 1_01|Total MultiTickets 1_02|Total SKUS 1_01|Total SKUS 1_02|TotalMultiSales1_01|TotalMultiSales1_02
changed,Code|Store,"[""S:ALKN"",""V:23""]",bce94b3f684a04f89cdc72c2fd370facae13a23cd186ca0bb3c9d789ee0f92dc,48d2152281092916138f5d038e1589d1eeb40656b50076d8c99f4d93403087b2,Sales_01|Sales_02|Profit_01|Profit_02|Total Tickets 1_01|Total Tickets 1_02|Total MultiTickets 1_01|Total MultiTickets 1_02|Total SKUS 1_01|Total SKUS 1_02|TotalMultiSales1_01|TotalMultiSales1_02
changed,Code|Store,"[""S:ARDM"",""V:13""]",f55c6507cd98da29067d0cb8e3ff623a0193da52f888dbd1ef982c34f8cc1b51,a36a4990c4fc8214a3f4e77d518a4aec9fbd96e38f1776d06243d587b8f95553,Sales_01|Sales_02|Profit_01|Profit_02|Comm_01|Comm_02|Total Tickets 1_01|Total Tickets 1_02|Total MultiTickets 1_01|Total MultiTickets 1_02|Total SKUS 1_01|Total SKUS 1_02|TotalMultiSales1_01|TotalMultiSales1_02
changed,Code|Store,"[""S:ATER"",""V:24""]",ab432c87b84a8279e9be9ee308a923228fd76945390a10165aba1b4ac545052d,f720ab60c4775a65d9af3cc1b609401e3f11c8b6bd0fa128d1de77a7544a75b5,Sales_01|Sales_02|Profit_01|Profit_02|Total Tickets 1_01|Total Tickets 1_02|Total MultiTickets 1_01|Total MultiTickets 1_02|Total SKUS 1_01|Total SKUS 1_02|TotalMultiSales1_01|TotalMultiSales1_02
changed,Code|Store,"[""S:AVID"",""V:14""]",65dc9934c70d93005bccdac2326dda43963373fd82ba07d8ae913fff6642720b,a8f1521efdedca067e20ef9e1b9faeb822f1eece23b5a45028cd7f7818b37fe5,Sales_01|Sales_02|Profit_01|Profit_02|Total Tickets 1_01|Total Tickets 1_02|Total MultiTickets 1_01|Total MultiTickets 1_02|Total SKUS 1_01|Total SKUS 1_02|TotalMultiSales1_01|TotalMultiSales1_02
changed,Code|Store,"[""S:AVKE"",""V:28""]",986d6da38c330776776e56ebc3509530172e1fd3ea63d2e4171885bd66e77d47,31dde659f4a0b8448623831642caf8521e70322b8fac2c0aa7a69cb7e4e54778,Sales_01|Sales_02|Profit_01|Profit_02|Total Tickets 1_01|Total Tickets 1_02|Total MultiTickets 1_01|Total MultiTickets 1_02|Total SKUS 1_01|Total SKUS 1_02|TotalMultiSales1_01|TotalMultiSales1_02
changed,Code|Store,"[""S:AVMT"",""V:14""]",a87d847330f0496f6061ddea53442181a9edf3092fe3eb4534c4defce16de402,c4db03ea221b42ba0c3e6a4b66ef29b99ae4876f2207e4464f91ba38e27f8890,Sales_01|Sales_02|Profit_01|Profit_02|Total Tickets 1_01|Total Tickets 1_02|Total MultiTickets 1_01|Total MultiTickets 1_02|Total SKUS 1_01|Total SKUS 1_02|TotalMultiSales1_01|TotalMultiSales1_02
changed,Code|Store,"[""S:AVNR"",""V:13""]",5764d6a61b543d9f9632e4bcafdd7655126f8aa70cd20b09a52e73c971c8e7c7,98e6e93056fc384268f773c3630a1359dc15a1e968eef0d50bb2f4efdf07d855,Sales_01|Sales_02|Profit_01|Profit_02|Total Tickets 1_01|Total Tickets 1_02|Total MultiTickets 1_01|Total MultiTickets 1_02|Total SKUS 1_01|Total SKUS 1_02|TotalMultiSales1_01|TotalMultiSales1_02
changed,Code|Store,"[""S:BABS"",""V:23""]",835f78f2e06a1ca9760eecc8723c3423cf77d4238c9cab6cb98a1df6ddabb92d,5aab076e21207205d1eebbc7a803a6824d4eae6aed79b7a9b8dbbd55a10a7164,Sales_01|Sales_02|Profit_01|Profit_02|Total Tickets 1_01|Total Tickets 1_02|Total MultiTickets 1_01|Total MultiTickets 1_02|Total SKUS 1_01|Total SKUS 1_02|TotalMultiSales1_01|TotalMultiSales1_02
changed,Code|Store,"[""S:BEDE"",""V:30""]",d9ab92108a10aee45627e859e453ad1f321c636713728fd06d4bd7891db59e9c,f47fedbe8aac8e0079b8c40134cc16f4dff2870f208d3c90349415a6892a57f2,Sales_01|Sales_02|Profit_01|Profit_02|Total Tickets 1_01|Total Tickets 1_02|Total MultiTickets 1_01|Total MultiTickets 1_02|Total SKUS 1_01|Total SKUS 1_02|TotalMultiSales1_01|TotalMultiSales1_02
changed,Code|Store,"[""S:BGMA"",""V:14""]",0f1e4bc444c686db71f883efffff3452cf2f3a72f878143cdb56ee3da222227a,e3e7398415cddd2c9bbc50e66a8453db27e131c623d1ecd272b3f5f8451c7ef1,Sales_01|Sales_02|Profit_01|Profit_02|Total Tickets 1_01|Total Tickets 1_02|Total MultiTickets 1_01|Total MultiTickets 1_02|Total SKUS 1_01|Total SKUS 1_02|TotalMultiSales1_01|TotalMultiSales1_02
changed,Code|Store,"[""S:BQSA"",""V:7""]",7426b268f6e2d245a7980a7eb9e84f707b841f5fb2a487130759e672a2b834d3,1588cc1ec89a95453b1b1f292cc3633d6b68e044cc68fdb04ac2cda006ef7b10,Sales_01|Sales_02|Profit_01|Profit_02|Comm_01|Comm_02|Total Tickets 1_01|Total Tickets 1_02|Total MultiTickets 1_01|Total MultiTickets 1_02|Total SKUS 1_01|Total SKUS 1_02|TotalMultiSales1_01|TotalMultiSales1_02
changed,Code|Store,"[""S:BREM"",""V:14""]",f6f7ea9094fe611e91d75806140d2fbf0c164d109c089a4df0cc61fc0a51a72a,69ec67d7196e37e897fcb67af61974f65ee34bbcde90e2774ed9b988aef91472,Sales_01|Sales_02|Profit_01|Profit_02|Total Tickets 1_01|Total Tickets 1_02|Total MultiTickets 1_01|Total MultiTickets 1_02|Total SKUS 1_01|Total SKUS 1_02|TotalMultiSales1_01|TotalMultiSales1_02
changed,Code|Store,"[""S:CHCA"",""V:9""]",7e148b5bc9c961c30aeff2490ec2bb50028ebdca936add6600aeeef312f37baf,ea536ba936759c38843a5aae428c1a0ab644d0c8eccb53c49e8894ca34b04387,Sales_01|Sales_02|Profit_01|Profit_02|Hours_01|Hours_02|Total Tickets 1_01|Total Tickets 1_02|Total MultiTickets 1_01|Total MultiTickets 1_02|Total SKUS 1_01|Total SKUS 1_02|TotalMultiSales1_01|TotalMultiSales1_02
changed,Code|Store,"[""S:COJR"",""V:13""]",e4337809529d5395729934a18069f1a57e692519752e1088ad59598b66c7ad32,82a725e820d08ad7e48370670794e4113ccf2d15431cb5755b1a6bb5e3340ae0,Sales_01|Sales_02|Profit_01|Profit_02|Total Tickets 1_01|Total Tickets 1_02|Total MultiTickets 1_01|Total MultiTickets 1_02|Total SKUS 1_01|Total SKUS 1_02|TotalMultiSales1_01|TotalMultiSales1_02
changed,Code|Store,"[""S:CRRT"",""V:12""]",8450eef8a393fbf45a0f94a34ded65e09a9ce1c514e3cb78f93badfb33fc763f,199eacb63dd1d340ab9891b6be830a1e8dcd984109e8f19743f8c3bb00fc4fbe,Sales_01|Sales_02|Profit_01|Profit_02|Total Tickets 1_01|Total Tickets 1_02|Total MultiTickets 1_01|Total MultiTickets 1_02|Total SKUS 1_01|Total SKUS 1_02|TotalMultiSales1_01|TotalMultiSales1_02
changed,Code|Store,"[""S:CRSN"",""V:7""]",7f91e5b97b8af7169b54fbd91ac60ee919591dc9069e7e1a5a2aa0040b700d99,486bc083ab1d1ea504323852672c0d60f78857e9e23e74190f799c338e55268e,Sales_01|Sales_02|Profit_01|Profit_02|Total Tickets 1_01|Total Tickets 1_02|Total MultiTickets 1_01|Total MultiTickets 1_02|Total SKUS 1_01|Total SKUS 1_02|TotalMultiSales1_01|TotalMultiSales1_02
changed,Code|Store,"[""S:CSPL"",""V:41""]",90251f97fa342b83192e4bad16d9d1e0c37c8980971d90b2283c86fef44ff310,9cd6d981e72dcc5de698be55f666aa5c50570ea68d7e8630db96491b5a4c7e56,Sales_01|Sales_02|Profit_01|Profit_02|Total Tickets 1_01|Total Tickets 1_02|Total MultiTickets 1_01|Total MultiTickets 1_02|Total SKUS 1_01|Total SKUS 1_02|TotalMultiSales1_01|TotalMultiSales1_02
changed,Code|Store,"[""S:CTJY"",""V:22""]",0250b845c65ae6d8ef7f0edbbd616df0d6684fe2ca987e59de8b1975650c5a1a,78edebeb950cd9eb505f005b5de2e0f49259a924c2696ddf8cb89b05d59b5429,Sales_01|Sales_02|Profit_01|Profit_02|Total Tickets 1_01|Total Tickets 1_02|Total MultiTickets 1_01|Total MultiTickets 1_02|Total SKUS 1_01|Total SKUS 1_02|TotalMultiSales1_01|TotalMultiSales1_02
changed,Code|Store,"[""S:CXEN"",""V:15""]",dfbc07253e4f918cf32fed5f572c4e5f3c775af843154f3b6d910a4924bc4701,d55eca1018743b5dc03a45f2793427f9842de97a22c3b2caf20269f51184107f,Sales_01|Sales_02|Profit_01|Profit_02|Hours_01|Hours_02|Total Tickets 1_01|Total Tickets 1_02|Total MultiTickets 1_01|Total MultiTickets 1_02|Total SKUS 1_01|Total SKUS 1_02|TotalMultiSales1_01|TotalMultiSales1_02
changed,Code|Store,"[""S:ECAD"",""V:41""]",382c53408b9b36838181e3983de8ad48e3cec3061e58b552a405885d6c44e17b,5c013a0640b437cfc1c8464d2dd5e3ace8554fe66b3b557586fbd8b4a7d8629e,Sales_01|Sales_02|Profit_01|Profit_02|Total Tickets 1_01|Total Tickets 1_02|Total MultiTickets 1_01|Total MultiTickets 1_02|Total SKUS 1_01|Total SKUS 1_02|TotalMultiSales1_01|TotalMultiSales1_02
changed,Code|Store,"[""S:ELKL"",""V:12""]",7fc3ba5a6459aa416fd710ce8cc381114c6c9f0fa97e641d214e9d9f5b7ce01b,0108d80243006cfe1d99fdca3cee5e91b2e381adaaa9797cb11a1dde5677f1d8,Sales_01|Sales_02|Profit_01|Profit_02|Total Tickets 1_01|Total Tickets 1_02|Total MultiTickets 1_01|Total MultiTickets 1_02|Total SKUS 1_01|Total SKUS 1_02|TotalMultiSales1_01|TotalMultiSales1_02
changed,Code|Store,"[""S:EPYE"",""V:13""]",7c2706a0d8a0513af0e26d6e8d8b3a21eb59a29a5987e2c404824f4fedafa8c1,5e9eada16d283320ce9cc7f653ec0a7ca9bc711ee1ecac8e77c40c8b270d9835,Sales_01|Sales_02|Profit_01|Profit_02|Total Tickets 1_01|Total Tickets 1_02|Total MultiTickets 1_01|Total MultiTickets 1_02|Total SKUS 1_01|Total SKUS 1_02|TotalMultiSales1_01|TotalMultiSales1_02
changed,Code|Store,"[""S:EUMY"",""V:10""]",8a84b4588fdadb58da4307cebeecbc3de56e2c68bccb3bb85992e8880ded6614,8302af7121baee10902f702c0450f7a923dab06eb53f530e4d84cab1a463b4d6,Sales_01|Sales_02|Profit_01|Profit_02|Total Tickets 1_01|Total Tickets 1_02|Total MultiTickets 1_01|Total MultiTickets 1_02|Total SKUS 1_01|Total SKUS 1_02|TotalMultiSales1_01|TotalMultiSales1_02
changed,Code|Store,"[""S:FAMA"",""V:14""]",feb081851d59b665e47ced34c619d0a0f41b537e5ab849a0c76e098dedb47360,8f80753db43f1dd06d2c0cddc5e8353da74070d64a0c20a0224d455732b0c2a0,Sales_01|Sales_02|Profit_01|Profit_02|Comm_01|Comm_02|Total Tickets 1_01|Total Tickets 1_02|Total MultiTickets 1_01|Total MultiTickets 1_02|Total SKUS 1_01|Total SKUS 1_02|TotalMultiSales1_01|TotalMultiSales1_02
changed,Code|Store,"[""S:FLAY"",""V:10""]",d9e90a8386f7694e3ffc6f1ec434080d84248393f818ee8241d41566eec3f0ce,43d7b441d29f2ebdc4388b53e331765ef0bdeb1c839345bacc215b3476e86b7d,Sales_01|Sales_02|Profit_01|Profit_02|Total Tickets 1_01|Total Tickets 1_02|Total MultiTickets 1_01|Total MultiTickets 1_02|Total SKUS 1_01|Total SKUS 1_02|TotalMultiSales1_01|TotalMultiSales1_02
changed,Code|Store,"[""S:MASR"",""V:17""]",bed13b1399eb1822905441c2745c1aa57de8eb649bd17f39ef3a63f1a52ea966,b90a066e8d76ca8c22fad22d675fa03c59dbf174823d37f1fce73c042cf1a882,Sales_01|Sales_02|Profit_01|Profit_02|Total MultiTickets 1_01|Total MultiTickets 1_02|TotalMultiSales1_01|TotalMultiSales1_02
changed,Code|Store,"[""S:MEDY"",""V:30""]",6aff6bdf0d1e0e14bcc0fe138bb18b81b8241a451cea75f5a89f169cddde6c80,9949022610a87f78b6e5261f98c310c0f12c57593b1845854b57fbc37ec924f3,Sales_01|Sales_02|Profit_01|Profit_02|Total Tickets 1_01|Total Tickets 1_02|Total MultiTickets 1_01|Total MultiTickets 1_02|Total SKUS 1_01|Total SKUS 1_02|TotalMultiSales1_01|TotalMultiSales1_02
changed,Code|Store,"[""S:MEKH"",""V:29""]",6455bd5539f59f0c1666216d17ea6eb731e3188cfe171d1e508b93bf00528415,5bb30889441642a2c1c3082416cbca9c8eb75967fb1b473ff0d3cdfe2a86ebdc,Sales_01|Sales_02|Profit_01|Profit_02|Total Tickets 1_01|Total Tickets 1_02|Total MultiTickets 1_01|Total MultiTickets 1_02|Total SKUS 1_01|Total SKUS 1_02|TotalMultiSales1_01|TotalMultiSales1_02
changed,Code|Store,"[""S:MENY"",""V:12""]",6a5eb3d3eea7ca9fd97fc760455be16575d8d644af1df51796f0e82d82c537db,247c489c9321d08b9482004f4398e50756f1f9eee580445c88b22857d98f82a8,Sales_01|Sales_02|Profit_01|Profit_02|Total Tickets 1_01|Total Tickets 1_02|Total MultiTickets 1_01|Total MultiTickets 1_02|Total SKUS 1_01|Total SKUS 1_02|TotalMultiSales1_01|TotalMultiSales1_02
changed,Code|Store,"[""S:MNGE"",""V:19""]",5e3ccbd893f1ac62e599431da5bf6420e30798a11d78443022c2f6aa77012f98,b4beec1a57c77140d290ee0612ff5ee79f247fb4320b2a8177fe0c03009cd0e6,Sales_01|Sales_02|Profit_01|Profit_02|Total Tickets 1_01|Total Tickets 1_02|Total MultiTickets 1_01|Total MultiTickets 1_02|Total SKUS 1_01|Total SKUS 1_02|TotalMultiSales1_01|TotalMultiSales1_02
changed,Code|Store,"[""S:MOJA"",""V:30""]",14fdce5b4d9140bb58b4d2c2f5e7e4297f0e6855f3f439b4eb86da4f6bf931a9,f242ee01a702f169b5605087496db5a073ee2c78d450b873f5f4cef406a496d7,Sales_01|Sales_02|Profit_01|Profit_02|Comm_01|Comm_02|Total Tickets 1_01|Total Tickets 1_02|Total MultiTickets 1_01|Total MultiTickets 1_02|Total SKUS 1_01|Total SKUS 1_02|TotalMultiSales1_01|TotalMultiSales1_02
changed,Code|Store,"[""S:MORM"",""V:21""]",8e35bacdb166ba5d4347b615beb5c28427d6c0e7760563698d875b89482d056e,e23c9010304768f79bdcc38b2001c797d49f4d43f9278457996ab8dd3ab96d12,Sales_01|Sales_02|Profit_01|Profit_02|Total Tickets 1_01|Total Tickets 1_02|Total MultiTickets 1_01|Total MultiTickets 1_02|Total SKUS 1_01|Total SKUS 1_02|TotalMultiSales1_01|TotalMultiSales1_02
changed,Code|Store,"[""S:MOYM"",""V:15""]",88f7759ee4ce0a6f89644bc2172da09488a0716411ad27b05f312a1edd686a6b,a4706a2c9364ad666f695435052ab980d0149a12aa325e5786b5c3853e907796,Sales_01|Sales_02|Profit_01|Profit_02|Hours_01|Hours_02|Total Tickets 1_01|Total Tickets 1_02|Total MultiTickets 1_01|Total MultiTickets 1_02|Total SKUS 1_01|Total SKUS 1_02|TotalMultiSales1_01|TotalMultiSales1_02
changed,Code|Store,"[""S:MQAN"",""V:25""]",91cb500bfc20cb166b3b7cf8320547b123a2b932f2ccb1cb5b9481887866ca27,d6fb780ac5eb147474964f6f0f5340ac12d93c65c494d1f34e0ddde86cf067f8,Sales_01|Sales_02|Profit_01|Profit_02|Total Tickets 1_01|Total Tickets 1_02|Total MultiTickets 1_01|Total MultiTickets 1_02|Total SKUS 1_01|Total SKUS 1_02|TotalMultiSales1_01|TotalMultiSales1_02
changed,Code|Store,"[""S:MRBY"",""V:5""]",ab8138df71dfb66730d520676a62861a81e7125e7f38dcbb1c9defb3032389d7,c4445760311f0dcf7887e4951adf50f9d39c2736558417b92044fc4ca4a5f81c,Sales_01|Sales_02|Profit_01|Profit_02|Total Tickets 1_01|Total Tickets 1_02|Total MultiTickets 1_01|Total MultiTickets 1_02|Total SKUS 1_01|Total SKUS 1_02|TotalMultiSales1_01|TotalMultiSales1_02
changed,Code|Store,"[""S:MRIG"",""V:8""]",a3b2de7cfb61b5697bcf16cc05b71f8c45b1bd380e7adb114c628527e9f6878d,43741f3c4021baa28847fa9346572bdda6bdd77d4491abcce2383f18d4b03c8d,Sales_01|Sales_02|Profit_01|Profit_02|Total Tickets 1_01|Total Tickets 1_02|Total MultiTickets 1_01|Total MultiTickets 1_02|Total SKUS 1_01|Total SKUS 1_02|TotalMultiSales1_01|TotalMultiSales1_02
changed,Code|Store,"[""S:MTRI"",""V:28""]",c8585a0d84194a2ea7d16675ffaa116459e2d2e57d27b47da78be2780bedd332,f7d48cd1c7bda61e8749d787265105395fba6e5a56fc526c3b65c6712153eb0c,Sales_01|Sales_02|Profit_01|Profit_02|Total Tickets 1_01|Total Tickets 1_02|Total MultiTickets 1_01|Total MultiTickets 1_02|Total SKUS 1_01|Total SKUS 1_02|TotalMultiSales1_01|TotalMultiSales1_02
changed,Code|Store,"[""S:MUEE"",""V:22""]",6dbd65b5c8589f68eedff6145c5efa886d225ce466266d060de47837f338d633,466299154aed87b566e00e842e868345a3a89af3fbb2d918a906e1b5cad9ddb7,Sales_01|Sales_02|Profit_01|Profit_02|Total Tickets 1_01|Total Tickets 1_02|Total MultiTickets 1_01|Total MultiTickets 1_02|Total SKUS 1_01|Total SKUS 1_02|TotalMultiSales1_01|TotalMultiSales1_02
changed,Code|Store,"[""S:MURK"",""V:30""]",0a69b1a268029537e2df72f471713177ab30d6fe48eb90991d5f94005b878bd6,db2b4845b44f183d4128dd0db60a688e322e4863cb06349a6c383996790403e4,Sales_01|Sales_02|Profit_01|Profit_02|Comm_01|Comm_02|Total Tickets 1_01|Total Tickets 1_02|Total MultiTickets 1_01|Total MultiTickets 1_02|Total SKUS 1_01|Total SKUS 1_02|TotalMultiSales1_01|TotalMultiSales1_02
changed,Code|Store,"[""S:NACA"",""V:2""]",608d926591185a418c7a157ad79ec13335b8dfa93301efb4a10096e9065f7f31,f31c98cf14ac1299208c7014e4dd25beb56562773e80110de9032c4b77b85b19,Sales_01|Sales_02|Profit_01|Profit_02|Comm_01|Comm_02|Total Tickets 1_01|Total Tickets 1_02|Total MultiTickets 1_01|Total MultiTickets 1_02|Total SKUS 1_01|Total SKUS 1_02|TotalMultiSales1_01|TotalMultiSales1_02
changed,Code|Store,"[""S:OIKE"",""V:20""]",c7f6850ff48d4ebf2ad8065d380c97673ef005e809aabf692d11e2d5bc656f7a,84e06160059cefb7d45412c40f67a52aa4754e1fefdcf038047ee3f449bcb6fe,Sales_01|Sales_02|Profit_01|Profit_02|Comm_01|Comm_02|Total Tickets 1_01|Total Tickets 1_02|Total MultiTickets 1_01|Total MultiTickets 1_02|Total SKUS 1_01|Total SKUS 1_02|TotalMultiSales1_01|TotalMultiSales1_02
changed,Code|Store,"[""S:ORDI"",""V:29""]",826dc0af378ca9a809babb4ee52ac5ca51f1ac6fffb3e329c5782d3d89fced23,edfdf3c6dd8df927eb7281d44238da6a794266abb0cd76e022b084b709738886,Sales_01|Sales_02|Profit_01|Profit_02|Total Tickets 1_01|Total Tickets 1_02|Total MultiTickets 1_01|Total MultiTickets 1_02|Total SKUS 1_01|Total SKUS 1_02|TotalMultiSales1_01|TotalMultiSales1_02
changed,Code|Store,"[""S:OSVI"",""V:5""]",70d1c1f0bd23e00e4b8cd190e087f41251045acb1bb0da5d8b62c8c5a71c2978,1332ef1251886aa45bb8ca42dac6e90166a95977ac45942c22ce1b2506564613,Sales_01|Sales_02|Profit_01|Profit_02|Comm_01|Comm_02|Total Tickets 1_01|Total Tickets 1_02|Total MultiTickets 1_01|Total MultiTickets 1_02|Total SKUS 1_01|Total SKUS 1_02|TotalMultiSales1_01|TotalMultiSales1_02
changed,Code|Store,"[""S:OTCL"",""V:25""]",2dfeb86d44f9a2478423164d2e51148b17a5e74847d8fedd7aedf00ea1390e2b,2f9ddbf6007bd86b5b9c3fcb2a85574c7ce2b6e1e9c62fcf00ae72632245925a,Sales_01|Sales_02|Profit_01|Profit_02|Total Tickets 1_01|Total Tickets 1_02|Total MultiTickets 1_01|Total MultiTickets 1_02|Total SKUS 1_01|Total SKUS 1_02|TotalMultiSales1_01|TotalMultiSales1_02
changed,Code|Store,"[""S:OVMY"",""V:24""]",077d11129ecd19a2d23674fde46404e56373c800ac39970cd14ad14a4f66d227,497131ce6280b46fb4b2a3ab16aba87e6a8bfa873e4b7ce8863b55a6638717d7,Sales_01|Sales_02|Profit_01|Profit_02|Total Tickets 1_01|Total Tickets 1_02|Total MultiTickets 1_01|Total MultiTickets 1_02|Total SKUS 1_01|Total SKUS 1_02|TotalMultiSales1_01|TotalMultiSales1_02
changed,Code|Store,"[""S:PEKY"",""V:25""]",fe9c9bb0861c8dfb955f5ce48fbdff7fcd62445e7e8294ceb7b283bccc2b2773,caefe0b01865ec9fdf1a7f5e30440c58f489653ae5d7837f0472931cf81c47bb,Sales_01|Sales_02|Profit_01|Profit_02|Total Tickets 1_01|Total Tickets 1_02|Total MultiTickets 1_01|Total MultiTickets 1_02|Total SKUS 1_01|Total SKUS 1_02|TotalMultiSales1_01|TotalMultiSales1_02
changed,Code|Store,"[""S:PONK"",""V:16""]",7e9f03a67c25a7c7b3fd34c10d66037db26cf54a0c12a0d8ef50233822d74aa7,5f137820ddb88f2dc7a399282e0ec91f2c87bb8f447ca192719da6030973bfa5,Sales_01|Sales_02|Profit_01|Profit_02|Comm_01|Comm_02|Total Tickets 1_01|Total Tickets 1_02|Total MultiTickets 1_01|Total MultiTickets 1_02|Total SKUS 1_01|Total SKUS 1_02|TotalMultiSales1_01|TotalMultiSales1_02
changed,Code|Store,"[""S:PORU"",""V:6""]",2c3994b585d2fe9608e6c4980ae311496a59c02b6f168fbf002c7c0024db9593,19e8e3e9fb84687753a46219e21df35d05d54789fa77e4cd2a24fdf756577b0b,Sales_01|Sales_02|Profit_01|Profit_02|Comm_01|Comm_02|Total Tickets 1_01|Total Tickets 1_02|Total MultiTickets 1_01|Total MultiTickets 1_02|Total SKUS 1_01|Total SKUS 1_02|TotalMultiSales1_01|TotalMultiSales1_02
changed,Code|Store,"[""S:PRSH"",""V:42""]",17542e9689581c400dc2f6897761c0970348c638721b34f4d128db36aee35beb,dd200528659615d86cbcba6e72995a5b35b0713de10199a7cfb2c8c71bf5732f,Sales_01|Sales_02|Profit_01|Profit_02|Total Tickets 1_01|Total Tickets 1_02|Total MultiTickets 1_01|Total MultiTickets 1_02|Total SKUS 1_01|Total SKUS 1_02|TotalMultiSales1_01|TotalMultiSales1_02
changed,Code|Store,"[""S:PZNA"",""V:42""]",342a8f90b77499eb8de639254de5246860bbed9868b113e27ee82585f255d884,75010998f1caab52135e3816d59307e895a0d8ea987666ecbd7aedc1ab5e90a2,Sales_01|Sales_02|Profit_01|Profit_02|Total Tickets 1_01|Total Tickets 1_02|Total MultiTickets 1_01|Total MultiTickets 1_02|Total SKUS 1_01|Total SKUS 1_02|TotalMultiSales1_01|TotalMultiSales1_02
changed,Code|Store,"[""S:RABD"",""V:26""]",9d7f7705b1aa5bc5bd0f7a4f242ec9b298f275ccea5a537da15eec8882d74142,f1d5be4cd1f96883d3c0d9e26d79967215d1b903da73dbe9360c085e7faa7726,Sales_01|Sales_02|Profit_01|Profit_02|Total Tickets 1_01|Total Tickets 1_02|Total MultiTickets 1_01|Total MultiTickets 1_02|Total SKUS 1_01|Total SKUS 1_02|TotalMultiSales1_01|TotalMultiSales1_02
changed,Code|Store,"[""S:RDEZ"",""V:30""]",19e9567d62371a0641e872450db64d4c01cc8568df858ea8821a362de81d69d1,f02dc5ba46d18948b0a5004efe33596f9c1448f537a94abee4de34e6d2983d83,Sales_01|Sales_02|Profit_01|Profit_02|Total Tickets 1_01|Total Tickets 1_02|Total MultiTickets 1_01|Total MultiTickets 1_02|Total SKUS 1_01|Total SKUS 1_02|TotalMultiSales1_01|TotalMultiSales1_02
changed,Code|Store,"[""S:RDKV"",""V:19""]",1da2bc655073ecc8dc4618de42e613974ee75e5316f1f2e670e08120ed6951ea,3788777fd9576b9a921424020ac5f013b4439437fadb7cfeee2ead510121adb3,Sales_01|Sales_02|Profit_01|Profit_02|Total Tickets 1_01|Total Tickets 1_02|Total MultiTickets 1_01|Total MultiTickets 1_02|Total SKUS 1_01|Total SKUS 1_02|TotalMultiSales1_01|TotalMultiSales1_02
changed,Code|Store,"[""S:RISN"",""V:2""]",f59a222d834d23eae7040a6310ba3c4f7e06684e0f9749b4fa46841f3c350d2c,c73a01c0f9870fabeaeed581a34c0d10cb2ac00f19650f04f01eec84e2b4e5b6,Sales_01|Sales_02|Profit_01|Profit_02|Total Tickets 1_01|Total Tickets 1_02|Total MultiTickets 1_01|Total MultiTickets 1_02|Total SKUS 1_01|Total SKUS 1_02|TotalMultiSales1_01|TotalMultiSales1_02
changed,Code|Store,"[""S:RISU"",""V:28""]",3f17fb52b0a76976a01eb77558878e6e13fc1304d9e09a5bcd2c2d81cb9e0eb3,c6e4c440aed2dc82d22fb435a5850f3845aa47dfda5e1797ad5bae21dc888849,Sales_01|Sales_02|Profit_01|Profit_02|Total Tickets 1_01|Total Tickets 1_02|Total MultiTickets 1_01|Total MultiTickets 1_02|Total SKUS 1_01|Total SKUS 1_02|TotalMultiSales1_01|TotalMultiSales1_02
changed,Code|Store,"[""S:RMLE"",""V:12""]",d63e81eaa2d6219a255d629e6791bf14bef8a002afa1abed17990c888a9978c8,98359bb7ce8c1a4375d76e3cd2657f8a145f3a08ccae6fddc8e0899d3e0950de,Sales_01|Sales_02|Profit_01|Profit_02|Total Tickets 1_01|Total Tickets 1_02|Total MultiTickets 1_01|Total MultiTickets 1_02|Total SKUS 1_01|Total SKUS 1_02|TotalMultiSales1_01|TotalMultiSales1_02
changed,Code|Store,"[""S:RMMC"",""V:30""]",30c0707571b942e40e60a5e9f366a1ed2048e31984ccaeca05d73936bd4414a4,2d3296554b14c446e3418bacc1d524cbfa4cdd47f0cadf03aa017fa563c2f588,Sales_01|Sales_02|Profit_01|Profit_02|Comm_01|Comm_02|Total Tickets 1_01|Total Tickets 1_02|Total MultiTickets 1_01|Total MultiTickets 1_02|Total SKUS 1_01|Total SKUS 1_02|TotalMultiSales1_01|TotalMultiSales1_02
changed,Code|Store,"[""S:ROGN"",""V:28""]",0e425038fe46da3e90f7bc9cfe9ebf731d0d941aba19154396e93a16bdacd779,e44d6a1a194bda953b7f769b0ed9bf56e3313ec963546a916401f1dbcf4e620a,Sales_01|Sales_02|Profit_01|Profit_02|Total Tickets 1_01|Total Tickets 1_02|Total MultiTickets 1_01|Total MultiTickets 1_02|Total SKUS 1_01|Total SKUS 1_02|TotalMultiSales1_01|TotalMultiSales1_02
changed,Code|Store,"[""S:ROKR"",""V:41""]",e7b4953e0627aa641efb8cd037f28a35872d007e2fc621f06b1b66b3f49d3f84,b9962b89e4c95dad3cd746c12779faa18edf3eea2ed8f68f143f7e01aa95bdd1,Sales_01|Sales_02|Profit_01|Profit_02|Total Tickets 1_01|Total Tickets 1_02|Total MultiTickets 1_01|Total MultiTickets 1_02|Total SKUS 1_01|Total SKUS 1_02|TotalMultiSales1_01|TotalMultiSales1_02
changed,Code|Store,"[""S:RRHE"",""V:21""]",56c74110ea50bdda20ee2b285e1404ffb3860df0715e61a4edd6e606cf9211d4,0ee79b38d44eaabdb37d09a9f8cfb529d1d1adf8531ccc9067d7d05f57a5d5ec,Sales_01|Sales_02|Profit_01|Profit_02|Total Tickets 1_01|Total Tickets 1_02|Total MultiTickets 1_01|Total MultiTickets 1_02|Total SKUS 1_01|Total SKUS 1_02|TotalMultiSales1_01|TotalMultiSales1_02
changed,Code|Store,"[""S:RSSA"",""V:15""]",84f018773bd2bc9e18d1a25425adb7bf2f9f471d4f1a36e3223db5b8e0aa74da,c8f8d67f607d50995cc30ce9844400830bd7ed6a89e17472360bd7373145ce56,Sales_01|Sales_02|Profit_01|Profit_02|Comm_01|Comm_02|Hours_01|Hours_02|Total Tickets 1_01|Total Tickets 1_02|Total MultiTickets 1_01|Total MultiTickets 1_02|Total SKUS 1_01|Total SKUS 1_02|TotalMultiSales1_01|TotalMultiSales1_02
changed,Code|Store,"[""S:RULU"",""V:17""]",5c7467fed8d82c5263baf41f1cb7e37610f13e7566e7ab76427810fc6299c4ba,a4eef0bc352d95ae9c6af0e04f0f22885f5c34c9e748832b15d8086559a3c3ec,Sales_01|Sales_02|Profit_01|Profit_02|Total Tickets 1_01|Total Tickets 1_02|Total MultiTickets 1_01|Total MultiTickets 1_02|Total SKUS 1_01|Total SKUS 1_02|TotalMultiSales1_01|TotalMultiSales1_02
changed,Code|Store,"[""S:RVAB"",""V:35""]",c287643ee1e5aff5211e70251af2dde13be3a91c3b6f28696dc7a399c45d0621,5a9427fc729d2ea0c9e0f7ecc5c8b2b949a773b79a855fb4251efa135760f155,Sales_01|Sales_02|Profit_01|Profit_02|Total Tickets 1_01|Total Tickets 1_02|Total MultiTickets 1_01|Total MultiTickets 1_02|Total SKUS 1_01|Total SKUS 1_02|TotalMultiSales1_01|TotalMultiSales1_02
changed,Code|Store,"[""S:RVKT"",""V:10""]",b3c6a49ce58b170ad6006ababc417b94b305a71994a0d610c24fbd5af7af61ed,4edb7346d95191d2cef0b81c13c8d60cd65ca4e851237c82ad88ac59012d65c1,Sales_01|Sales_02|Profit_01|Profit_02|Total Tickets 1_01|Total Tickets 1_02|Total MultiTickets 1_01|Total MultiTickets 1_02|Total SKUS 1_01|Total SKUS 1_02|TotalMultiSales1_01|TotalMultiSales1_02
changed,Code|Store,"[""S:SCMR"",""V:42""]",a2425e18c43e83b3d594d940a552e09c4b47d028734d2758bb56a204bfd23223,76a1ab3722b78a907f9e301bbf2a2c5caef231fca0d03e130924737c3a85f9e3,Sales_01|Sales_02|Profit_01|Profit_02|Total Tickets 1_01|Total Tickets 1_02|Total MultiTickets 1_01|Total MultiTickets 1_02|Total SKUS 1_01|Total SKUS 1_02|TotalMultiSales1_01|TotalMultiSales1_02
changed,Code|Store,"[""S:SLAS"",""V:41""]",68eeede5e3ac93b535a44ec2b58d556c5650274404299ae320997810ca246ea9,a84249f2044d59fcac2f39d93224f8eb7dcc770156e0ff3a703df1a48c9ddb4c,Sales_01|Sales_02|Profit_01|Profit_02|Total Tickets 1_01|Total Tickets 1_02|Total MultiTickets 1_01|Total MultiTickets 1_02|Total SKUS 1_01|Total SKUS 1_02|TotalMultiSales1_01|TotalMultiSales1_02
changed,Code|Store,"[""S:SLKD"",""V:22""]",645280bf972b131336cb417b8a771f5fac067a3873d9e6e418d647472e98d7d3,6bddfc16a49bfdcbbe492dd9d31fa8a7ff708e5791cb9431e41aca6ea1f84e71,Sales_01|Sales_02|Profit_01|Profit_02|Total Tickets 1_01|Total Tickets 1_02|Total MultiTickets 1_01|Total MultiTickets 1_02|Total SKUS 1_01|Total SKUS 1_02|TotalMultiSales1_01|TotalMultiSales1_02
changed,Code|Store,"[""S:SNBE"",""V:2""]",c5cf70de27236e5e0b8c96b7b45fd93f0e01d06ef43a879181d434e894b5a233,1a1dbf50b9f55676e0faa0dcb5dcccd04efd39d05121b728a9864b954ed58a4a,Sales_01|Sales_02|Profit_01|Profit_02|Comm_01|Comm_02|Total Tickets 1_01|Total Tickets 1_02|Total MultiTickets 1_01|Total MultiTickets 1_02|Total SKUS 1_01|Total SKUS 1_02|TotalMultiSales1_01|TotalMultiSales1_02
changed,Code|Store,"[""S:SNGR"",""V:35""]",0dc45de7539572af032f30761950813a4c8afd2b3533b32bdf3eb15310cd3dad,e9a9fedfb636fb3fb553a443decef11d7da9a3a5873c5d16fcefcf112e401b22,Sales_01|Sales_02|Profit_01|Profit_02|Total Tickets 1_01|Total Tickets 1_02|Total MultiTickets 1_01|Total MultiTickets 1_02|Total SKUS 1_01|Total SKUS 1_02|TotalMultiSales1_01|TotalMultiSales1_02
changed,Code|Store,"[""S:SNSM"",""V:15""]",09fd7f9e253499dcb4eed4f1cb249a23b0e84f4cc8b4c3223f5d6a9c46f82d33,9d00d9ca123d47c60c7bf1332ae1a6afd0e651309f73d10d3ae88b645ac9adf9,Hours_01|Hours_02
changed,Code|Store,"[""S:TERU"",""V:25""]",fa573e9240ea13b85c46b88b9b59c781d6af24e32f4d70e2757b88f0be49dcda,753c1f1dd9d588381dbbe8fcddcb2ace58534570bbb43b47c8cda8ed649a7405,Sales_01|Sales_02|Profit_01|Profit_02|Total Tickets 1_01|Total Tickets 1_02|Total MultiTickets 1_01|Total MultiTickets 1_02|Total SKUS 1_01|Total SKUS 1_02|TotalMultiSales1_01|TotalMultiSales1_02
changed,Code|Store,"[""S:TUAL"",""V:28""]",6f1f867b4120a4c55b9ba7399265f79516d6f1b364663e949ead89ee62ef92e7,7644e2a5babb7397c8321f12c38764dfab08e8f2723624acb569edf6e212e51b,Sales_01|Sales_02|Profit_01|Profit_02|Comm_01|Comm_02|Total Tickets 1_01|Total Tickets 1_02|Total MultiTickets 1_01|Total MultiTickets 1_02|Total SKUS 1_01|Total SKUS 1_02|TotalMultiSales1_01|TotalMultiSales1_02
changed,Code|Store,"[""S:VACM"",""V:17""]",bf32bd00425bb61084fb845074245f372617a55f95a1ef22bd70ae2544711ffc,e868bb8ab9e59aa811616ebe8df8a2fc01e07b339943dc5bdcba8a335724f54e,Sales_01|Sales_02|Profit_01|Profit_02|Total Tickets 1_01|Total Tickets 1_02|Total MultiTickets 1_01|Total MultiTickets 1_02|Total SKUS 1_01|Total SKUS 1_02|TotalMultiSales1_01|TotalMultiSales1_02
changed,Code|Store,"[""S:VAND"",""V:12""]",1628985ab9d8af22a4f8650b6da384cc03e6df1aa58b8e27bb13e940e6c31c68,ac696fed34212dd301948f44072e8553dbeca97e34a65694ef7bb23328329e7c,Sales_01|Sales_02|Profit_01|Profit_02|Total Tickets 1_01|Total Tickets 1_02|Total MultiTickets 1_01|Total MultiTickets 1_02|Total SKUS 1_01|Total SKUS 1_02|TotalMultiSales1_01|TotalMultiSales1_02
changed,Code|Store,"[""S:VARU"",""V:8""]",c09a098602fb01e7cfda8195f99b829db4d2cf41820f16fe13a1cde3f7a69462,0a7bc63c6d8d35fa9d27ea0915f297eaa0f5e3ae1c93e1a4f34166eec91a3ccb,Sales_01|Sales_02|Profit_01|Profit_02|Comm_01|Comm_02|Total Tickets 1_01|Total Tickets 1_02|Total MultiTickets 1_01|Total MultiTickets 1_02|Total SKUS 1_01|Total SKUS 1_02|TotalMultiSales1_01|TotalMultiSales1_02
changed,Code|Store,"[""S:VAST"",""V:17""]",0efadf6029fae432f4ec1184d8232fc2c79ac6b829af29f49f6842872f598bc4,afc8e0036c55b085f4bd4dad788964d966bad2221a7ed69835d38a2166ce18a6,Sales_01|Sales_02|Profit_01|Profit_02|Comm_01|Comm_02|Total Tickets 1_01|Total Tickets 1_02|Total MultiTickets 1_01|Total MultiTickets 1_02|Total SKUS 1_01|Total SKUS 1_02|TotalMultiSales1_01|TotalMultiSales1_02
changed,Code|Store,"[""S:VEJI"",""V:16""]",5a927d479ba6b7a8f9d03e3021301800c26d99df4e32d1f1d7f1902b0a74af09,27916b8a88f5dc826d9b5de4b0f887b27b108830139f0a7620d64f51fc75c5ae,Sales_01|Sales_02|Profit_01|Profit_02|Total Tickets 1_01|Total Tickets 1_02|Total MultiTickets 1_01|Total MultiTickets 1_02|Total SKUS 1_01|Total SKUS 1_02|TotalMultiSales1_01|TotalMultiSales1_02
changed,Code|Store,"[""S:VGMA"",""V:14""]",50324eca7548c967d0ddded12bf528698c084dadff947b682a940970a1e0b773,68546a44f2ba5d3a35173700355bfe6338d513b36c8eec91f702c853c6a95d3d,Sales_01|Sales_02|Profit_01|Profit_02|Total Tickets 1_01|Total Tickets 1_02|Total MultiTickets 1_01|Total MultiTickets 1_02|Total SKUS 1_01|Total SKUS 1_02|TotalMultiSales1_01|TotalMultiSales1_02
changed,Code|Store,"[""S:VRKR"",""V:5""]",cdc6bfb8d144d87694b9af5f4b5e89281f1d445f65687bd0a2b7ffce453eae59,c5651a4d14ce8a74441645423e8dba146b02c079bcbb6cf4d498e31f7d9b2ecc,Sales_01|Sales_02|Profit_01|Profit_02|Total Tickets 1_01|Total Tickets 1_02|Total MultiTickets 1_01|Total MultiTickets 1_02|Total SKUS 1_01|Total SKUS 1_02|TotalMultiSales1_01|TotalMultiSales1_02
changed,Code|Store,"[""S:VSGL"",""V:23""]",ed01791f74c63e25d16dc226488aec74548c987af71bf6ecc0b427a1c19298e0,b1f7937ebf979c1dcd5069763eedc2917e7c574736b45308755142e6179fab33,Sales_01|Sales_02|Profit_01|Profit_02|Total Tickets 1_01|Total Tickets 1_02|Total MultiTickets 1_01|Total MultiTickets 1_02|Total SKUS 1_01|Total SKUS 1_02|TotalMultiSales1_01|TotalMultiSales1_02
changed,Code|Store,"[""S:VSKN"",""V:12""]",9fcadcad293a7d4b39abcf2196d9931986b4906020356c6431b29b34a39e8bf8,3d086afab3bc5a02b58d2002c4264804cfb1af4827e7818cb3e29b283754607a,Sales_01|Sales_02|Profit_01|Profit_02|Total Tickets 1_01|Total Tickets 1_02|Total MultiTickets 1_01|Total MultiTickets 1_02|Total SKUS 1_01|Total SKUS 1_02|TotalMultiSales1_01|TotalMultiSales1_02
changed,Code|Store,"[""S:VSMY"",""V:29""]",9080fda7afbd4ecb06de17dea9dfb7c01cc791488bafab70c5788c3d158a8aa0,eab38282049210b0499a3c5c5ad2faf944bf68b0a116dc9504629d9c1d5fb584,Sales_01|Sales_02|Profit_01|Profit_02|Total Tickets 1_01|Total Tickets 1_02|Total MultiTickets 1_01|Total MultiTickets 1_02|Total SKUS 1_01|Total SKUS 1_02|TotalMultiSales1_01|TotalMultiSales1_02
changed,Code|Store,"[""S:YOCA"",""V:14""]",1f812d8d83a92c54a2156bfc2b44c085d80bc20cf5f166f6b69c919a680047d9,7d404dc6416c0356c313a86d1cc1572e87b41c66bd67925f54ce8fcdcf9433c3,Sales_01|Sales_02|Profit_01|Profit_02|Total Tickets 1_01|Total Tickets 1_02|Total MultiTickets 1_01|Total MultiTickets 1_02|Total SKUS 1_01|Total SKUS 1_02|TotalMultiSales1_01|TotalMultiSales1_02
changed,Code|Store,"[""S:ZEAC"",""V:12""]",a481596c38273c222b7baa96582b74b9b3cd691bd4ab0b5ba2701a44a1deefaf,577d87abdecde886524486f961a3df94e1ee655b957966a7d9d0772ef0146240,Sales_01|Sales_02|Profit_01|Profit_02|Total Tickets 1_01|Total Tickets 1_02|Total MultiTickets 1_01|Total MultiTickets 1_02|Total SKUS 1_01|Total SKUS 1_02|TotalMultiSales1_01|TotalMultiSales1_02
changed,Code|Store,"[""S:ZNCL"",""V:6""]",042be958468edb2d97772ffa39346c3344946dde3efd5c239a93fdd3bba94e73,7b0d194135dcdd8306a493ac28a6483c76341814cc6bb37d43bef765f1a9993b,Sales_01|Sales_02|Profit_01|Profit_02|Total Tickets 1_01|Total Tickets 1_02|Total MultiTickets 1_01|Total MultiTickets 1_02|Total SKUS 1_01|Total SKUS 1_02|TotalMultiSales1_01|TotalMultiSales1_02
changed,Code|Store,"[""S:ZNFR"",""V:9""]",242f902f1e2808ddf8dbaec9e04a7662c49fc5db4dffc9608f6a6bb4be1862da,0ce8eea1478e77eceee2802ee3448233b493acf0991560f12d35f60d51c9da97,Hours_01|Hours_02
changed,Code|Store,"[""S:ZPAL"",""V:43""]",df40dc92929c10bf9d022e1b138e3ab589a14e9b6faa12716ffa99ae65f91d57,f4c96c4431eee1e4353b462b71643b28e6d1afe945c652c5119009c47295b9ac,Sales_01|Sales_02|Profit_01|Profit_02|Total Tickets 1_01|Total Tickets 1_02|Total MultiTickets 1_01|Total MultiTickets 1_02|Total SKUS 1_01|Total SKUS 1_02|TotalMultiSales1_01|TotalMultiSales1_02
changed,Code|Store,"[""S:ZRAN"",""V:29""]",6f8fff0a04a67f521b28ff043d7d6517cad7e57ad59bb85b36e48b1b00135726,15f820a6eea386fc266c261d354bc4127d4b267e89f010d21a7b77d58009b534,Sales_01|Sales_02|Profit_01|Profit_02|Total Tickets 1_01|Total Tickets 1_02|Total MultiTickets 1_01|Total MultiTickets 1_02|Total SKUS 1_01|Total SKUS 1_02|TotalMultiSales1_01|TotalMultiSales1_02
changed,Code|Store,"[""S:ZROD"",""V:20""]",27b1afc2b50ec5f59a62e9934c88f20373e2917982e7878cb560d2ff1243f6f4,ce4d27997c2f346c243f7b8807b807539340967a1919d909b18ce8b54c2bc2d5,Sales_01|Sales_02|Profit_01|Profit_02|Total Tickets 1_01|Total Tickets 1_02|Total MultiTickets 1_01|Total MultiTickets 1_02|Total SKUS 1_01|Total SKUS 1_02|TotalMultiSales1_01|TotalMultiSales1_02
changed,Code|Store,"[""S:ZUKL"",""V:13""]",e7678b7a517d23119505d56f08cbe36624e116e7f467391b9eb2bd53ba2ca91f,22841549f83722aafbcd16f15440b05e05393956ff97acf0f842f042f020400d,Sales_01|Sales_02|Profit_01|Profit_02|Total Tickets 1_01|Total Tickets 1_02|Total MultiTickets 1_01|Total MultiTickets 1_02|Total SKUS 1_01|Total SKUS 1_02|TotalMultiSales1_01|TotalMultiSales1_02
changed,Code|Store,"[""S:AGNC"",""V:30""]",fdac7c1e88a6fbf1a3f781a6479e97d1ebe1b8ad6ac42c8330456e75b0de927e,31180f99d184230da5b0e2e084411f081045dd1738dd5ed7b48c25d1f3956992,Sales_01|Sales_02|Profit_01|Profit_02|Total Tickets 1_01|Total Tickets 1_02|Total MultiTickets 1_01|Total MultiTickets 1_02|Total SKUS 1_01|Total SKUS 1_02|TotalMultiSales1_01|TotalMultiSales1_02
changed,Code|Store,"[""S:FRSS"",""V:24""]",4fc98185371560ad9fc309b3fa8938ae4cab1dfd7ecbd451545a2659bc0b99ac,55b56bd139a81663f8a2859b4df46dcc9230b59f4cac74fc2b3808fcffd9b547,Sales_01|Sales_02|Profit_01|Profit_02|Total Tickets 1_01|Total Tickets 1_02|Total MultiTickets 1_01|Total MultiTickets 1_02|Total SKUS 1_01|Total SKUS 1_02|TotalMultiSales1_01|TotalMultiSales1_02
changed,Code|Store,"[""S:RDES"",""V:30""]",b57718527b7028548aed1a225f07608447ba4c767c67f62873b9fcb846a0dc51,59b04a5658bdd8ebc5cff3c36243d234340c557ba3d34b70f119719155983f1d,Sales_01|Sales_02|Profit_01|Profit_02|Total Tickets 1_01|Total Tickets 1_02|Total SKUS 1_01|Total SKUS 1_02
changed,Code|Store,"[""S:AVHL"",""V:30""]",c415aa3f98edad4786980c7e415a16676214945a7e3aaa8e252a7698259d217f,95d6eb90c473d61ff031441fc9485e3edfd6afa2d2bac192bb10d4e70eed97f3,Sales_01|Sales_02|Profit_01|Profit_02|Total Tickets 1_01|Total Tickets 1_02|Total MultiTickets 1_01|Total MultiTickets 1_02|Total SKUS 1_01|Total SKUS 1_02|TotalMultiSales1_01|TotalMultiSales1_02
changed,Code|Store,"[""S:BRKE"",""V:13""]",971308caa55bb43902486b6e31c7388d126a7fa2c723691d1b0d6f80a86cb66b,969e5893a7b4ad372c4b975e1cf48b35198efe0ab1f7d9eee01269ff403eb2a5,Sales_01|Sales_02|Profit_01|Profit_02|Total Tickets 1_01|Total Tickets 1_02|Total MultiTickets 1_01|Total MultiTickets 1_02|Total SKUS 1_01|Total SKUS 1_02|TotalMultiSales1_01|TotalMultiSales1_02
changed,Code|Store,"[""S:ZPDE"",""V:2""]",16fb0f1db9a4732775c5a31b5a8f7c4e32a26989faa0720bd2fd23de04f89d5a,cff8e5856c8d7c63b510f880235ad17d9f7cf53a0efd21b9eb9dd346b6e7ae34,Sales_01|Sales_02|Profit_01|Profit_02|Total Tickets 1_01|Total Tickets 1_02|Total MultiTickets 1_01|Total MultiTickets 1_02|Total SKUS 1_01|Total SKUS 1_02|TotalMultiSales1_01|TotalMultiSales1_02
changed,Code|Store,"[""S:LPAA"",""V:29""]",5414c1b581c80c6b5f13aa4423a39737442afeaa53577efa9130aab1ab7c4a6d,61d9471510e2beec3784a33b59cfef2beefa39fe9c3c53fef2c9352812b60726,Sales_01|Sales_02|Profit_01|Profit_02|Total Tickets 1_01|Total Tickets 1_02|Total MultiTickets 1_01|Total MultiTickets 1_02|Total SKUS 1_01|Total SKUS 1_02|TotalMultiSales1_01|TotalMultiSales1_02
changed,Code|Store,"[""S:RYAL"",""V:29""]",5273329f668e2a0417cd6e761c024218985d8e89d2afe1fd6a2ab9ee51f80924,45464a2658753a0c41ae1ba558c4bd988675416388a830fe5e769d6189635580,Sales_01|Sales_02|Profit_01|Profit_02|Total Tickets 1_01|Total Tickets 1_02|Total MultiTickets 1_01|Total MultiTickets 1_02|Total SKUS 1_01|Total SKUS 1_02|TotalMultiSales1_01|TotalMultiSales1_02
changed,Code|Store,"[""S:ARDM"",""V:30""]",8d5a7222289763f2894c9d52ee95968aa43467e547f5b0ea9ff0109b7b6cb71b,559cbfb4449f5d60c4abe8354bfcab50c61e9dfdd2d9c0c542dc5e1700de4f32,Sales_01|Sales_02|Profit_01|Profit_02|Comm_01|Comm_02|Total Tickets 1_01|Total Tickets 1_02|Total MultiTickets 1_01|Total MultiTickets 1_02|Total SKUS 1_01|Total SKUS 1_02|TotalMultiSales1_01|TotalMultiSales1_02
changed,Code|Store,"[""S:RDDN"",""V:28""]",27760ef581965b2a70363cd0d948a00da7bd88946cc084fd76b86f17f30b63f1,0769a3e6ecc471733711fed1400de1e3415b58290e98baf545c77019a9e78243,Sales_01|Sales_02|Profit_01|Profit_02|Total Tickets 1_01|Total Tickets 1_02|Total MultiTickets 1_01|Total MultiTickets 1_02|Total SKUS 1_01|Total SKUS 1_02|TotalMultiSales1_01|TotalMultiSales1_02
changed,Code|Store,"[""S:AVHL"",""V:7""]",dfc7d40e97f6dbb9c1dc01ff050bb0500fce6d27cecef760cfba4a6445ad5e50,f12f8ddd5b2a60a1b5bc590eeeedae86938bb6c1207228c716cd88cce52e023a,Profit_01|Profit_02
changed,Code|Store,"[""S:SNSM"",""V:9""]",34c65f677b0d5bb2b08925f9263d8537c5f343c2db800fb4b24668cb869a0073,88e3d3a25f90e4c39df4c4dba1193009682ec2c53537dda7ee74676ab9ee253d,Hours_01|Hours_02
changed,Code|Store,"[""S:VLAR"",""V:14""]",c9f8efebefc6343e63e66149f3d91ceb190c75a0b57dbfc7efd786e63362cfd2,d2e376bbc128072a48aff8843c4ab0aec11755e84da5aa042f853acaf4f6318e,Sales_01|Sales_02|Profit_01|Profit_02|Total Tickets 1_01|Total Tickets 1_02|Total MultiTickets 1_01|Total MultiTickets 1_02|Total SKUS 1_01|Total SKUS 1_02|TotalMultiSales1_01|TotalMultiSales1_02
changed,Code|Store,"[""S:CRSN"",""V:2""]",6f4485c3cd3e29547622b86deda4acf4f5edfe580cb8becadd5cfc1308814095,d977199ed9e280cd53b7c16fae0957c1355395f9449be5f09180c48807b8dd68,Sales_01|Sales_02|Profit_01|Profit_02|Total Tickets 1_01|Total Tickets 1_02|Total MultiTickets 1_01|Total MultiTickets 1_02|Total SKUS 1_01|Total SKUS 1_02|TotalMultiSales1_01|TotalMultiSales1_02
changed,Code|Store,"[""S:ZNCL"",""V:7""]",dd2c75d335d8c472fdcf0b43112f3019a11684c02268350f5595e3470a627f4c,5e13e493850da7a85d474d5a350a8b77c98f39308abe1b5fe1144def1ca25c03,Sales_01|Sales_02|Profit_01|Profit_02|Total Tickets 1_01|Total Tickets 1_02|Total MultiTickets 1_01|Total MultiTickets 1_02|Total SKUS 1_01|Total SKUS 1_02|TotalMultiSales1_01|TotalMultiSales1_02
changed,Code|Store,"[""S:GIYE"",""V:13""]",0feb32435098a3679ca16c2972ff41eeb627c1c6d7f701f64c445d0870a6dcdc,f08ac4259ce1353d1ddede9f65e13de4d76b6ff8b6c768ee5509863944e3f93b,Sales_01|Sales_02|Profit_01|Profit_02|Comm_01|Comm_02|Total Tickets 1_01|Total Tickets 1_02|Total MultiTickets 1_01|Total MultiTickets 1_02|Total SKUS 1_01|Total SKUS 1_02|TotalMultiSales1_01|TotalMultiSales1_02
changed,Code|Store,"[""S:LAYH"",""V:42""]",0dd17358e81cc2ef1888e1f742712ba33e7f560d6bcf9c3ab540e2f2679dd060,896b9871330e1ff6d0912450fe3feebd7085d59d36132e1e97d3cd1d6aaea3aa,Sales_01|Sales_02|Profit_01|Profit_02|Total Tickets 1_01|Total Tickets 1_02|Total MultiTickets 1_01|Total MultiTickets 1_02|Total SKUS 1_01|Total SKUS 1_02|TotalMultiSales1_01|TotalMultiSales1_02
changed,Code|Store,"[""S:BRED"",""V:14""]",a56b01fe739696e64322dc63f71ac93acfe1acf79555edecc34cba58c7362374,b9c0159701ec629a54cc8181e403d3a49391a018195e12c9538ed762612c447c,Sales_01|Sales_02|Profit_01|Profit_02|Comm_01|Comm_02|Total Tickets 1_01|Total Tickets 1_02|Total MultiTickets 1_01|Total MultiTickets 1_02|Total SKUS 1_01|Total SKUS 1_02|TotalMultiSales1_01|TotalMultiSales1_02
changed,Code|Store,"[""S:ZPDE"",""V:13""]",bcb9470746fdba254eb401dca44d477b0b304361951109698db5716992237fdd,fe4e860355d2e2ee20e15630ab922fa9860a020280f2e3b6ff97f0f5d733caf5,Sales_01|Sales_02|Profit_01|Profit_02
changed,Code|Store,"[""S:LPAA"",""V:12""]",87cf86fbb05a7106c255d35f480588c85ea10cd2773aa5031daa6519e7d74e81,e10f95123be1f2aa89b7f592b3df338fc2d44518f70f853b8204a339ba7d755f,Sales_01|Sales_02|Profit_01|Profit_02|Total Tickets 1_01|Total Tickets 1_02|Total MultiTickets 1_01|Total MultiTickets 1_02|Total SKUS 1_01|Total SKUS 1_02|TotalMultiSales1_01|TotalMultiSales1_02
changed,Code|Store,"[""S:EPYE"",""V:41""]",6075eac3b9c90ca2320e440f3af1c3ff6d4c197c47f12c8ebef416a11eb00946,ec3525bc649bdb4e6252a6571f9c270c43c243d48cb8bfea731da2c1b8dce1b3,Sales_01|Sales_02|Profit_01|Profit_02|Total Tickets 1_01|Total Tickets 1_02|Total MultiTickets 1_01|Total MultiTickets 1_02|Total SKUS 1_01|Total SKUS 1_02|TotalMultiSales1_01|TotalMultiSales1_02
changed,Code|Store,"[""S:ZPDE"",""V:14""]",912868720faaec1d20d144e72559beff1202f442eef47d244aa65f8e007f173b,1e2e6d64deddc4bba5c61b704134c0f57704e9bbfbb676231b4b0057547b92db,Sales_01|Sales_02|Profit_01|Profit_02|Total Tickets 1_01|Total Tickets 1_02|Total MultiTickets 1_01|Total MultiTickets 1_02|Total SKUS 1_01|Total SKUS 1_02|TotalMultiSales1_01|TotalMultiSales1_02
changed,Code|Store,"[""S:GMOS"",""V:9""]",4f3a5f91f6f39c5beb38bb8c511f0450bfc9a4614dbcc4a9d19326bcefff1108,250172260d70ccbb1e1c39a39d64e2268eef30ca381b5aaee43d6fb96161e67c,Hours_01|Hours_02
changed,Code|Store,"[""S:MZRA"",""V:29""]",10aefc111460c6efc98dd9ab22d72578e104dcd62906b041556f94d76ba35404,67a53274754f450e7abba27423ebf89d6fb8aadc70661b004288c91876590faf,Sales_01|Sales_02|Profit_01|Profit_02|Comm_01|Comm_02|Total Tickets 1_01|Total Tickets 1_02|Total MultiTickets 1_01|Total MultiTickets 1_02|Total SKUS 1_01|Total SKUS 1_02|TotalMultiSales1_01|TotalMultiSales1_02
changed,Code|Store,"[""S:RABD"",""V:10""]",b854fe1ec634bab6fa67bfab4e19b1f250aa82c7e3aa326ef5c3d243efb5e6f9,6219f6284237f7b3be852ebaa56e2826a397bd230f69f21f88e540bd1e71679f,Sales_01|Sales_02|Profit_01|Profit_02|Total Tickets 1_01|Total Tickets 1_02|Total MultiTickets 1_01|Total MultiTickets 1_02|Total SKUS 1_01|Total SKUS 1_02|TotalMultiSales1_01|TotalMultiSales1_02
changed,Code|Store,"[""S:ZPDE"",""V:5""]",c944edef9b1b6db18515a858dd8e54705089485e7ef0499de7bfe743d3c5c462,33576dde57bc04cb4f128f9e812b346cccfd8dd8e9b335717b6278d5766cf28f,Sales_01|Sales_02|Profit_01|Profit_02|Total Tickets 1_01|Total Tickets 1_02|Total MultiTickets 1_01|Total MultiTickets 1_02|Total SKUS 1_01|Total SKUS 1_02|TotalMultiSales1_01|TotalMultiSales1_02
changed,Code|Store,"[""S:VLAR"",""V:35""]",1c8a67e58ec5a187c80eebce00b01caaceca218d0026d28492cb77a3d2a73866,820e7c095577be6fc5ccd71381a436c7c7137b371ddc0d7ab861d3f16056db24,Sales_01|Sales_02|Profit_01|Profit_02|Total Tickets 1_01|Total Tickets 1_02|Total MultiTickets 1_01|Total MultiTickets 1_02|Total SKUS 1_01|Total SKUS 1_02|TotalMultiSales1_01|TotalMultiSales1_02
changed,Code|Store,"[""S:GOIC"",""V:13""]",a7925468ffa9e62cf2494b1d1d8dc6f65af465518661c00346c8bc9b81e58291,926a1e0711129cc131705a4a1aa0d98fd5432abf7c452dbc038e54ff86492da8,Sales_01|Sales_02|Profit_01|Profit_02|Total Tickets 1_01|Total Tickets 1_02|Total MultiTickets 1_01|Total MultiTickets 1_02|Total SKUS 1_01|Total SKUS 1_02|TotalMultiSales1_01|TotalMultiSales1_02
changed,Code|Store,"[""S:ZULS"",""V:43""]",7b52136f722942c1b1f967cb2427612f46875dad67ce0a26e03ea8ccc2154c04,7ccb1eabb527fa6a12c36adfe9f5d8d0f7e766da26f4f3649e4ce58573154031,Sales_01|Sales_02|Profit_01|Profit_02|Total Tickets 1_01|Total Tickets 1_02|Total MultiTickets 1_01|Total MultiTickets 1_02|Total SKUS 1_01|Total SKUS 1_02|TotalMultiSales1_01|TotalMultiSales1_02
deleted,Code|Store,"[""S:RDDN"",""V:13""]",36361f0e999b08a682e15b4dad600f8c2ce29b8db25baabc9d70cfae9a80a7b2,,
deleted,Code|Store,"[""S:RABD"",""V:29""]",1e5b77cca216e98de6be48d544f4181f0ac2fc770d3fccdf195b275d1b3d12ef,,
